{
    "processing_efficiency": {
        "avg_processing_time": 9.833333333333334,
        "transformations_per_step": 0.04,
        "avg_inventory_utilization": 0.221875
    },
    "zone_performance": {
        "zone_0": {
            "accumulation": [
                20,
                16,
                13,
                12,
                13,
                15,
                13,
                12,
                7,
                7,
                9,
                11,
                11,
                10,
                10,
                8,
                8,
                8,
                8,
                8,
                8,
                8,
                8,
                7,
                6,
                6,
                7,
                7,
                7,
                7,
                7,
                7,
                7,
                6,
                6,
                5,
                5,
                5,
                5,
                5,
                5,
                5,
                5,
                5,
                5,
                5,
                5,
                5,
                5,
                5
            ],
            "clearance_rate": -0.46938775510204084,
            "congestion_level": 2.0
        },
        "zone_1": {
            "accumulation": [
                6,
                6,
                4,
                4,
                4,
                4,
                4,
                4,
                4,
                4,
                4,
                4,
                5,
                5,
                4,
                4,
                4,
                4,
                4,
                4,
                5,
                5,
                5,
                5,
                5,
                5,
                5,
                5,
                4,
                4,
                4,
                4,
                4,
                4,
                4,
                4,
                4,
                4,
                4,
                4,
                5,
                4,
                4,
                4,
                4,
                4,
                4,
                4,
                4,
                4
            ],
            "clearance_rate": -0.10204081632653061,
            "congestion_level": 0.6
        },
        "zone_2": {
            "accumulation": [
                4,
                2,
                2,
                4,
                4,
                4,
                3,
                3,
                4,
                4,
                4,
                4,
                4,
                4,
                4,
                3,
                3,
                3,
                4,
                5,
                5,
                5,
                5,
                5,
                5,
                5,
                5,
                5,
                5,
                5,
                5,
                6,
                6,
                6,
                6,
                6,
                6,
                6,
                6,
                6,
                6,
                6,
                6,
                6,
                6,
                6,
                6,
                6,
                6,
                6
            ],
            "clearance_rate": -0.08163265306122448,
            "congestion_level": 0.6
        }
    },
    "system_metrics": {
        "total_processed": 6,
        "avg_throughput": 0.12,
        "bottleneck_score": {
            "green_zone": 0.0,
            "yellow_zone": 9.0,
            "red_zone": 0.6666666666666666
        }
    },
    "agent_behavior": {
        "avg_distance_per_agent": 40.125,
        "avg_idle_percentage": 0.58875,
        "total_collisions": 0
    },
    "experiment_params": {
        "green_agents": 4,
        "yellow_agents": 2,
        "red_agents": 2,
        "green_wastes": 20,
        "yellow_wastes": 6,
        "red_wastes": 4,
        "seed": 0
    }
}