{
    "processing_efficiency": {
        "avg_processing_time": 20.4,
        "transformations_per_step": 0.02,
        "avg_inventory_utilization": 0.19062500000000002
    },
    "zone_performance": {
        "zone_0": {
            "accumulation": [
                20,
                20,
                18,
                16,
                16,
                15,
                16,
                16,
                16,
                16,
                16,
                15,
                15,
                16,
                15,
                14,
                14,
                14,
                13,
                12,
                12,
                12,
                11,
                11,
                11,
                12,
                12,
                11,
                11,
                11,
                10,
                10,
                10,
                10,
                11,
                11,
                10,
                10,
                9,
                10,
                10,
                9,
                9,
                10,
                9,
                8,
                8,
                9,
                9,
                8
            ],
            "clearance_rate": -0.3877551020408163,
            "congestion_level": 2.0
        },
        "zone_1": {
            "accumulation": [
                6,
                5,
                5,
                5,
                5,
                5,
                5,
                5,
                5,
                5,
                5,
                5,
                5,
                5,
                5,
                5,
                5,
                6,
                6,
                6,
                6,
                6,
                6,
                5,
                6,
                5,
                4,
                3,
                3,
                4,
                4,
                4,
                4,
                4,
                4,
                4,
                4,
                4,
                4,
                4,
                4,
                4,
                3,
                2,
                2,
                2,
                3,
                2,
                2,
                2
            ],
            "clearance_rate": -0.16326530612244897,
            "congestion_level": 0.6
        },
        "zone_2": {
            "accumulation": [
                4,
                3,
                3,
                4,
                4,
                4,
                4,
                4,
                3,
                3,
                4,
                4,
                4,
                4,
                4,
                4,
                4,
                4,
                4,
                4,
                4,
                4,
                4,
                4,
                4,
                4,
                4,
                4,
                4,
                4,
                5,
                5,
                5,
                5,
                5,
                4,
                4,
                3,
                3,
                4,
                5,
                5,
                5,
                5,
                5,
                5,
                5,
                5,
                5,
                5
            ],
            "clearance_rate": -0.08163265306122448,
            "congestion_level": 0.5
        }
    },
    "system_metrics": {
        "total_processed": 5,
        "avg_throughput": 0.1,
        "bottleneck_score": {
            "green_zone": 0.0,
            "yellow_zone": 8.0,
            "red_zone": 0.625
        }
    },
    "agent_behavior": {
        "avg_distance_per_agent": 38.375,
        "avg_idle_percentage": 0.60625,
        "total_collisions": 0
    },
    "experiment_params": {
        "green_agents": 4,
        "yellow_agents": 2,
        "red_agents": 2,
        "green_wastes": 20,
        "yellow_wastes": 6,
        "red_wastes": 4,
        "seed": 1
    }
}