{
    "processing_efficiency": {
        "avg_processing_time": 12.6,
        "transformations_per_step": 0.04,
        "avg_inventory_utilization": 0.28874999999999995
    },
    "zone_performance": {
        "zone_0": {
            "accumulation": [
                20,
                17,
                14,
                13,
                12,
                14,
                14,
                13,
                11,
                12,
                12,
                13,
                12,
                12,
                10,
                9,
                9,
                10,
                10,
                9,
                9,
                8,
                8,
                7,
                7,
                6,
                6,
                6,
                6,
                6,
                6,
                6,
                6,
                5,
                5,
                5,
                5,
                5,
                5,
                5,
                5,
                6,
                5,
                5,
                4,
                3,
                3,
                4,
                4,
                4
            ],
            "clearance_rate": -0.46938775510204084,
            "congestion_level": 2.0
        },
        "zone_1": {
            "accumulation": [
                6,
                4,
                4,
                4,
                4,
                4,
                4,
                4,
                4,
                4,
                4,
                4,
                4,
                4,
                4,
                4,
                4,
                4,
                4,
                5,
                5,
                4,
                4,
                4,
                4,
                4,
                5,
                5,
                5,
                6,
                6,
                6,
                6,
                6,
                6,
                5,
                5,
                5,
                5,
                4,
                4,
                3,
                3,
                3,
                4,
                2,
                2,
                2,
                2,
                2
            ],
            "clearance_rate": -0.16326530612244897,
            "congestion_level": 0.6
        },
        "zone_2": {
            "accumulation": [
                4,
                4,
                3,
                2,
                2,
                3,
                4,
                4,
                4,
                4,
                4,
                4,
                4,
                4,
                4,
                4,
                4,
                4,
                4,
                4,
                4,
                4,
                4,
                4,
                4,
                5,
                5,
                5,
                5,
                4,
                4,
                5,
                5,
                5,
                5,
                5,
                5,
                5,
                6,
                6,
                6,
                6,
                6,
                6,
                6,
                6,
                6,
                5,
                5,
                5
            ],
            "clearance_rate": -0.08163265306122448,
            "congestion_level": 0.6
        }
    },
    "system_metrics": {
        "total_processed": 5,
        "avg_throughput": 0.1,
        "bottleneck_score": {
            "green_zone": 0.0,
            "yellow_zone": 9.0,
            "red_zone": 0.5555555555555556
        }
    },
    "agent_behavior": {
        "avg_distance_per_agent": 37.375,
        "avg_idle_percentage": 0.61625,
        "total_collisions": 0
    },
    "experiment_params": {
        "green_agents": 4,
        "yellow_agents": 2,
        "red_agents": 2,
        "green_wastes": 20,
        "yellow_wastes": 6,
        "red_wastes": 4,
        "seed": 2
    }
}